-- MySQL dump 10.17  Distrib 10.3.22-MariaDB, for debian-linux-gnueabihf (armv8l)
--
-- Host: localhost    Database: ratarsedberrypi
-- ------------------------------------------------------
-- Server version	10.3.22-MariaDB-0+deb10u1

/*!40101 SET @OLD_CHARACTER_SET_CLIENT=@@CHARACTER_SET_CLIENT */;
/*!40101 SET @OLD_CHARACTER_SET_RESULTS=@@CHARACTER_SET_RESULTS */;
/*!40101 SET @OLD_COLLATION_CONNECTION=@@COLLATION_CONNECTION */;
/*!40101 SET NAMES utf8mb4 */;
/*!40103 SET @OLD_TIME_ZONE=@@TIME_ZONE */;
/*!40103 SET TIME_ZONE='+00:00' */;
/*!40014 SET @OLD_UNIQUE_CHECKS=@@UNIQUE_CHECKS, UNIQUE_CHECKS=0 */;
/*!40014 SET @OLD_FOREIGN_KEY_CHECKS=@@FOREIGN_KEY_CHECKS, FOREIGN_KEY_CHECKS=0 */;
/*!40101 SET @OLD_SQL_MODE=@@SQL_MODE, SQL_MODE='NO_AUTO_VALUE_ON_ZERO' */;
/*!40111 SET @OLD_SQL_NOTES=@@SQL_NOTES, SQL_NOTES=0 */;

--
-- Table structure for table `keg`
--

DROP TABLE IF EXISTS `keg`;
/*!40101 SET @saved_cs_client     = @@character_set_client */;
/*!40101 SET character_set_client = utf8 */;
CREATE TABLE `keg` (
  `id` int(11) NOT NULL,
  `keg` char(1) NOT NULL,
  `time` datetime NOT NULL,
  `zeroWeight` float DEFAULT NULL,
  `contents` varchar(20) DEFAULT NULL,
  `strength` float DEFAULT NULL,
  `active` tinyint(1) DEFAULT NULL,
  `goalTemp` float DEFAULT NULL,
  `wiggleTemp` float DEFAULT NULL,
  `isCrash` tinyint(4) DEFAULT NULL,
  PRIMARY KEY (`id`)
) ENGINE=InnoDB DEFAULT CHARSET=utf8mb4;
/*!40101 SET character_set_client = @saved_cs_client */;

--
-- Dumping data for table `keg`
--

LOCK TABLES `keg` WRITE;
/*!40000 ALTER TABLE `keg` DISABLE KEYS */;
INSERT INTO `keg` VALUES (1,'L','2020-07-28 14:47:51',4.4,'WOW Cider',10.3,0,20,8,1),(2,'L','2020-07-28 14:48:12',4.4,'POWER Cider',10.3,1,29,5,0),(3,'R','2020-07-28 14:50:47',3.9,'Imperical Black',8.1,0,3,6,1),(4,'R','2020-07-28 14:51:08',3.9,'Lager',4,1,29,5,0);
/*!40000 ALTER TABLE `keg` ENABLE KEYS */;
UNLOCK TABLES;

--
-- Table structure for table `measurements`
--

DROP TABLE IF EXISTS `measurements`;
/*!40101 SET @saved_cs_client     = @@character_set_client */;
/*!40101 SET character_set_client = utf8 */;
CREATE TABLE `measurements` (
  `id` int(11) NOT NULL AUTO_INCREMENT,
  `keg` int(11) NOT NULL,
  `time` datetime NOT NULL,
  `temp` float DEFAULT NULL,
  `weight` float DEFAULT NULL,
  PRIMARY KEY (`id`)
) ENGINE=InnoDB AUTO_INCREMENT=156 DEFAULT CHARSET=utf8mb4;
/*!40101 SET character_set_client = @saved_cs_client */;

--
-- Dumping data for table `measurements`
--

LOCK TABLES `measurements` WRITE;
/*!40000 ALTER TABLE `measurements` DISABLE KEYS */;
INSERT INTO `measurements` VALUES (1,1,'2020-07-28 14:49:40',4.1,17.45),(2,1,'2020-07-28 14:39:40',4.4,17),(3,1,'2020-07-28 14:34:40',4.2,16.88),(4,2,'2020-07-28 14:38:40',5.5,21.4),(5,2,'2020-07-28 14:37:40',5.4,21.4),(6,1,'2020-07-30 17:00:53',23.875,4),(7,2,'2020-07-30 17:00:57',25.937,4),(8,1,'2020-07-30 17:01:02',23.875,4),(9,2,'2020-07-30 17:01:06',25.937,4),(10,1,'2020-07-30 17:01:09',23.875,4),(11,2,'2020-07-30 17:01:13',25.875,4),(12,1,'2020-07-30 17:01:17',23.937,4),(13,2,'2020-07-30 17:01:21',25.875,4),(14,1,'2020-07-30 17:01:24',23.875,4),(15,1,'2020-07-30 17:09:08',24,4),(16,2,'2020-07-30 17:09:12',25.187,4),(17,1,'2020-07-30 17:13:44',24,4),(18,2,'2020-07-30 17:13:46',25.125,4),(19,1,'2020-07-30 17:18:22',24,4),(20,2,'2020-07-30 17:18:24',25.187,4),(21,1,'2020-07-30 17:19:51',24.062,NULL),(22,2,'2020-07-30 17:19:53',25.5,NULL),(23,1,'2020-07-30 17:20:41',24.062,NULL),(24,2,'2020-07-30 17:20:43',25.5,NULL),(25,1,'2020-07-30 17:26:22',24.062,NULL),(26,2,'2020-07-30 17:26:23',26.25,NULL),(27,1,'2020-07-30 17:26:32',24.125,NULL),(28,2,'2020-07-30 17:26:34',26.312,NULL),(29,1,'2020-07-30 17:26:52',24.125,NULL),(30,2,'2020-07-30 17:26:54',26.125,NULL),(31,1,'2020-07-30 17:27:28',24.187,NULL),(32,2,'2020-07-30 17:27:29',26.5,NULL),(33,1,'2020-07-30 17:28:26',24.125,NULL),(34,2,'2020-07-30 17:28:28',26.375,NULL),(35,1,'2020-07-30 17:29:03',24.125,NULL),(36,2,'2020-07-30 17:29:05',26.437,NULL),(37,1,'2020-07-30 17:29:27',24.125,NULL),(38,2,'2020-07-30 17:29:29',26.5,NULL),(39,1,'2020-07-30 17:29:49',24.125,NULL),(40,2,'2020-07-30 17:29:51',26.812,NULL),(41,1,'2020-07-30 17:30:47',24.125,NULL),(42,2,'2020-07-30 17:30:49',26.5,NULL),(43,1,'2020-07-31 20:59:06',4,NULL),(44,2,'2020-07-31 20:59:07',3,NULL),(45,1,'2020-08-12 15:00:56',28.25,NULL),(46,1,'2020-08-12 15:22:15',28.25,NULL),(47,1,'2020-08-12 15:22:46',28.312,NULL),(48,2,'2020-08-12 15:22:47',29.312,NULL),(49,1,'2020-08-12 15:23:18',28.312,NULL),(50,2,'2020-08-12 15:23:19',29.312,NULL),(51,1,'2020-08-12 15:23:47',28.312,NULL),(52,2,'2020-08-12 15:23:49',29.562,NULL),(53,1,'2020-08-12 15:24:50',28.312,NULL),(54,2,'2020-08-12 15:24:52',29.375,NULL),(55,1,'2020-08-12 15:25:11',28.312,NULL),(56,2,'2020-08-12 15:25:13',29.625,NULL),(57,1,'2020-08-13 15:00:11',25.562,NULL),(58,2,'2020-08-13 15:00:12',26.125,NULL),(59,1,'2020-08-13 15:02:21',25.562,NULL),(60,2,'2020-08-13 15:02:22',26.437,NULL),(61,1,'2020-08-13 15:03:52',25.562,NULL),(62,2,'2020-08-13 15:03:53',26.437,NULL),(63,1,'2020-08-13 15:04:15',25.625,NULL),(64,2,'2020-08-13 15:04:18',26.437,NULL),(65,1,'2020-08-13 15:04:56',25.562,NULL),(66,2,'2020-08-13 15:04:57',26.125,NULL),(67,1,'2020-08-13 15:06:23',25.562,NULL),(68,2,'2020-08-13 15:06:24',26.375,NULL),(69,1,'2020-08-13 15:06:47',25.562,NULL),(70,2,'2020-08-13 15:06:48',26.375,NULL),(71,1,'2020-08-13 15:13:07',25.562,NULL),(72,2,'2020-08-13 15:13:08',26.187,NULL),(73,1,'2020-08-13 15:13:29',25.625,NULL),(74,2,'2020-08-13 15:13:30',26.437,NULL),(75,1,'2020-08-13 15:13:51',26.312,NULL),(76,2,'2020-08-13 15:13:52',31.687,NULL),(77,1,'2020-08-13 15:16:18',25.812,NULL),(78,2,'2020-08-13 15:16:19',28.937,NULL),(79,1,'2020-08-13 15:16:40',25.812,NULL),(80,2,'2020-08-13 15:16:41',28.625,NULL),(81,1,'2020-08-13 15:17:02',25.75,NULL),(82,1,'2020-08-13 15:18:19',25.687,NULL),(83,2,'2020-08-13 15:18:20',27.75,NULL),(84,1,'2020-08-13 15:21:51',25.5,NULL),(85,2,'2020-08-13 15:21:53',26.75,NULL),(86,1,'2020-08-13 15:22:15',25.562,NULL),(87,2,'2020-08-13 15:22:16',26.437,NULL),(88,1,'2020-08-13 15:22:38',25.5,NULL),(89,2,'2020-08-13 15:22:39',26.375,NULL),(90,1,'2020-08-13 15:23:00',25.562,NULL),(91,2,'2020-08-13 15:23:01',26.312,NULL),(92,1,'2020-08-13 15:23:36',25.562,NULL),(93,2,'2020-08-13 15:23:37',26.25,NULL),(94,1,'2020-08-13 15:24:03',25.562,NULL),(95,2,'2020-08-13 15:24:04',26.562,NULL),(96,1,'2020-08-13 15:24:25',25.562,NULL),(97,2,'2020-08-13 15:24:26',26.5,NULL),(98,1,'2020-08-13 15:24:48',25.562,NULL),(99,2,'2020-08-13 15:24:49',26.5,NULL),(100,1,'2020-08-13 15:25:10',25.5,NULL),(101,2,'2020-08-13 15:25:11',26.5,NULL),(102,1,'2020-08-13 17:44:22',25.375,NULL),(103,2,'2020-08-13 17:44:23',25.875,NULL),(104,1,'2020-08-13 17:44:49',25.437,NULL),(105,2,'2020-08-13 17:44:51',26.125,NULL),(106,1,'2020-08-13 17:45:14',25.375,NULL),(107,2,'2020-08-13 17:45:15',25.812,NULL),(108,1,'2020-09-27 20:18:50',20.375,NULL),(109,2,'2020-09-27 20:18:51',20.75,NULL),(110,1,'2020-09-27 20:21:46',20.375,NULL),(111,2,'2020-09-27 20:21:47',21.062,NULL),(112,1,'2020-09-27 20:40:39',20.25,NULL),(113,2,'2020-09-27 20:40:40',20.625,NULL),(114,1,'2020-09-27 20:41:35',20.25,NULL),(115,2,'2020-09-27 20:41:38',21,NULL),(116,1,'2020-09-27 20:42:01',20.25,NULL),(117,2,'2020-09-27 20:42:02',21,NULL),(118,1,'2020-09-27 20:42:23',20.312,NULL),(119,2,'2020-09-27 20:42:24',20.625,NULL),(120,1,'2020-09-27 20:42:45',20.312,NULL),(121,2,'2020-09-27 20:42:46',20.625,NULL),(122,1,'2020-09-27 20:43:07',20.312,NULL),(123,2,'2020-09-27 20:43:08',20.937,NULL),(124,1,'2020-09-27 20:43:29',20.312,NULL),(125,2,'2020-09-27 20:43:30',20.937,NULL),(126,1,'2020-09-27 20:43:52',20.25,NULL),(127,2,'2020-09-27 20:43:53',21,NULL),(128,1,'2020-09-27 20:53:04',20.187,NULL),(129,2,'2020-09-27 20:53:06',20.625,NULL),(130,1,'2020-09-27 20:53:30',20.25,NULL),(131,2,'2020-09-27 20:53:31',20.687,NULL),(132,1,'2020-09-27 20:53:53',20.187,NULL),(133,2,'2020-09-27 20:53:54',20.937,NULL),(134,1,'2020-09-27 20:54:15',20.25,NULL),(135,2,'2020-09-27 20:54:16',20.937,NULL),(136,1,'2020-09-27 20:54:37',20.25,NULL),(137,2,'2020-09-27 20:54:38',20.875,NULL),(138,1,'2020-09-27 20:54:59',20.187,NULL),(139,2,'2020-09-27 20:55:00',20.625,NULL),(140,1,'2020-09-27 20:56:31',20.187,NULL),(141,2,'2020-09-27 20:56:32',20.937,NULL),(142,1,'2020-09-27 20:56:54',20.25,NULL),(143,2,'2020-09-27 20:56:55',20.937,NULL),(144,1,'2020-09-27 20:59:47',20.187,NULL),(145,2,'2020-09-27 20:59:48',20.875,NULL),(146,1,'2020-09-27 21:00:09',20.187,NULL),(147,2,'2020-09-27 21:00:10',20.937,NULL),(148,1,'2020-09-27 21:00:31',20.25,NULL),(149,2,'2020-09-27 21:00:32',20.937,NULL),(150,1,'2020-09-27 21:00:53',20.187,NULL),(151,2,'2020-09-27 21:00:54',20.875,NULL),(152,1,'2020-09-27 21:01:15',20.187,NULL),(153,2,'2020-09-27 21:01:16',20.937,NULL),(154,1,'2020-09-27 21:01:38',20.25,NULL),(155,2,'2020-09-27 21:01:39',20.625,NULL);
/*!40000 ALTER TABLE `measurements` ENABLE KEYS */;
UNLOCK TABLES;

--
-- Table structure for table `relay`
--

DROP TABLE IF EXISTS `relay`;
/*!40101 SET @saved_cs_client     = @@character_set_client */;
/*!40101 SET character_set_client = utf8 */;
CREATE TABLE `relay` (
  `id` int(11) NOT NULL AUTO_INCREMENT,
  `time` datetime DEFAULT NULL,
  `position` tinyint(4) DEFAULT NULL,
  PRIMARY KEY (`id`)
) ENGINE=InnoDB AUTO_INCREMENT=27 DEFAULT CHARSET=utf8mb4;
/*!40101 SET character_set_client = @saved_cs_client */;

--
-- Dumping data for table `relay`
--

LOCK TABLES `relay` WRITE;
/*!40000 ALTER TABLE `relay` DISABLE KEYS */;
INSERT INTO `relay` VALUES (7,'2020-08-13 15:21:08',1),(11,'2020-08-13 15:23:48',1),(12,'2020-08-13 15:24:14',1),(13,'2020-08-13 15:24:37',1),(14,'2020-08-13 15:24:59',1),(15,'2020-08-13 17:44:37',1),(16,'2020-08-13 17:45:01',1),(17,'2020-09-27 20:41:49',1),(18,'2020-09-27 20:43:18',1),(19,'2020-09-27 20:43:41',1),(20,'2020-09-27 20:53:19',1),(21,'2020-09-27 20:53:41',1),(22,'2020-09-27 20:54:04',1),(23,'2020-09-27 20:54:26',1),(24,'2020-09-27 20:54:48',1),(25,'2020-09-27 20:56:43',1),(26,'2020-09-27 20:57:05',1);
/*!40000 ALTER TABLE `relay` ENABLE KEYS */;
UNLOCK TABLES;
/*!40103 SET TIME_ZONE=@OLD_TIME_ZONE */;

/*!40101 SET SQL_MODE=@OLD_SQL_MODE */;
/*!40014 SET FOREIGN_KEY_CHECKS=@OLD_FOREIGN_KEY_CHECKS */;
/*!40014 SET UNIQUE_CHECKS=@OLD_UNIQUE_CHECKS */;
/*!40101 SET CHARACTER_SET_CLIENT=@OLD_CHARACTER_SET_CLIENT */;
/*!40101 SET CHARACTER_SET_RESULTS=@OLD_CHARACTER_SET_RESULTS */;
/*!40101 SET COLLATION_CONNECTION=@OLD_COLLATION_CONNECTION */;
/*!40111 SET SQL_NOTES=@OLD_SQL_NOTES */;

-- Dump completed on 2021-03-01  4:20:08
